phage,QatABCD,RADAR,Zorya Type I,CBASS Type II,TerY-P,CBASS Type III,AbiEii,IetAS,Septu,Wadjet Type I,Druantia Type III,CBASS Type IIv,Gao System 20,AVAST Type V,Gabija
Pa15,3.14,-1.05,9.623333333333333,11.17,-1.4033333333333333,2.3466666666666667,0.12333333333333331,-1.2,-0.10333333333333335,-0.7666666666666667,0.5833333333333334,0.8866666666666667,-1.42,-0.9199999999999999,-1.0033333333333332
Pa28,4.94,0.9900000000000001,15.9,15.9,-0.16666666666666663,3.016666666666667,0.2966666666666667,0.37666666666666665,0.14,1.3333333333333333,0.9633333333333333,2.0533333333333332,0.37999999999999995,0.5033333333333333,1.1500000000000001
Pa36,1.2733333333333334,0.94,2.953333333333333,3.5966666666666662,3.7999999999999994,15.07,0.38666666666666666,1.1,0.32666666666666666,3.52,0.9066666666666666,1.2533333333333332,0.6366666666666667,15.07,1.3133333333333332
Pa29,1.2766666666666666,0.19666666666666666,16.21,1.5466666666666669,-0.77,1.9833333333333334,-0.03666666666666666,-0.04666666666666667,0.35333333333333333,0.09000000000000001,0.49333333333333335,1.0133333333333334,0.21,1.0200000000000002,1.3066666666666666
Pa22,0.27666666666666667,-0.44333333333333336,15.93,0.9,3.5033333333333334,1.42,-0.19999999999999998,-0.51,-0.12333333333333334,-0.36000000000000004,-0.016666666666666663,1.0766666666666667,0.5066666666666667,0.5833333333333334,0.9166666666666666
Pa6,1.5666666666666667,0.26,15.93,1.78,4.17,3.0766666666666667,0.20666666666666667,-0.12666666666666668,-0.29333333333333333,0.08333333333333333,0.36333333333333334,1.5566666666666666,1.0166666666666666,1.2433333333333334,1.5866666666666667
Pa18,1.4366666666666665,-0.053333333333333344,16.34,1.9833333333333332,4.223333333333334,3.0566666666666666,0.016666666666666666,-0.29333333333333333,-0.07666666666666667,-0.10666666666666667,0.32,1.6966666666666665,0.23,1.2266666666666668,0.27
Pa25,1.46,0.04,16.37,1.5066666666666666,2.9166666666666665,2.3166666666666664,0.23333333333333336,-0.10333333333333335,0.010000000000000004,0.08,0.4766666666666666,1.4733333333333334,0.6066666666666666,0.9833333333333334,0.6733333333333333
Pa3,0.45333333333333337,-0.10999999999999999,12.97,0.3666666666666667,2.8733333333333335,0.8933333333333334,-0.15,0.0,-0.4566666666666667,-0.49333333333333335,0.11333333333333334,0.22666666666666666,-0.26,-0.47,0.2333333333333333
Pa10,3.686666666666667,3.27,0.5033333333333333,3.0733333333333337,0.8233333333333334,1.9533333333333331,0.5966666666666667,-0.1366666666666667,0.09666666666666668,-0.16,1.1733333333333331,1.9533333333333334,2.0500000000000003,1.2566666666666666,0.8466666666666667
Pa12,16.27,5.006666666666667,0.5933333333333334,1.9799999999999998,0.06666666666666667,2.99,0.6866666666666666,0.21666666666666667,0.09999999999999999,0.15666666666666665,3.5433333333333334,1.4633333333333336,1.9800000000000002,0.9833333333333334,1.3499999999999999
Pa21,16.87,6.873333333333334,0.4766666666666666,0.9033333333333333,0.41333333333333333,2.716666666666667,0.22666666666666666,0.07,0.10666666666666667,0.07333333333333333,1.53,-0.08,1.0433333333333332,0.6766666666666666,0.2733333333333333
Pa24,16.87,7.2299999999999995,0.19333333333333333,2.106666666666667,0.26333333333333336,0.9766666666666667,0.36333333333333334,0.21999999999999997,0.016666666666666663,-0.049999999999999996,1.8633333333333333,0.9199999999999999,1.7966666666666666,1.3266666666666667,0.8933333333333334
Pa2,14.163333333333332,1.4466666666666665,0.7400000000000001,4.25,0.7666666666666666,1.9800000000000002,0.6033333333333334,0.19666666666666666,-0.12666666666666668,0.06333333333333334,0.96,2.3433333333333333,1.6733333333333331,1.62,1.3466666666666667
Pa33,16.45,16.45,0.4166666666666667,4.626666666666667,0.82,3.0,1.5233333333333334,0.6066666666666667,1.3800000000000001,1.2,5.636666666666667,2.956666666666667,2.4499999999999997,3.25,2.59
Pa35,15.513333333333334,15.32,0.5599999999999999,2.8699999999999997,0.16,0.4633333333333334,0.17333333333333334,0.10666666666666667,-0.04666666666666666,0.019999999999999993,1.3733333333333333,0.7433333333333333,1.27,0.5633333333333334,0.9233333333333332
